IST,Max TemperatureC,Mean TemperatureC,Min TemperatureC,Dew PointC,MeanDew PointC,Min DewpointC,Max Humidity, Mean Humidity, Min Humidity, Max Sea Level PressurehPa, Mean Sea Level PressurehPa, Min Sea Level PressurehPa, Max VisibilityKm, Mean VisibilityKm, Min VisibilitykM, Max Wind SpeedKm/h, Mean Wind SpeedKm/h, Max Gust SpeedKm/h,Precipitationmm, CloudCover, Events,WindDirDegrees
2013-1-1,15,9,4,12,7,4,100,95,67,1017,1014,1012,1,0,0,11,6,,0.00,2,Fog,302
2013-1-2,9,7,6,9,7,6,100,100,100,1018,1016,1014,1,1,0,16,6,,0.00,1,Fog,277
2013-1-3,10,7,4,10,7,4,100,99,87,1020,1017,1016,2,1,0,13,10,,0.00,2,Fog,299
2013-1-4,13,8,3,9,5,3,100,92,63,1019,1017,1015,2,1,0,13,6,,0.00,3,Fog,289
2013-1-5,11,6,2,9,6,2,100,97,76,1017,1015,1014,2,1,0,13,8,,0.00,1,Fog,295
2013-1-6,10,7,4,9,6,4,100,98,82,1020,1017,1016,2,1,0,13,6,,0.00,0,Fog,309
2013-1-7,11,6,1,9,4,1,100,95,67,1021,1018,1016,2,1,0,14,8,,0.00,,Fog,273
2013-1-8,14,8,3,7,4,2,100,86,44,1019,1017,1016,4,1,0,19,11,,0.00,,Fog,267
2013-1-9,20,11,2,10,4,0,100,75,26,1019,1017,1015,6,2,0,23,10,,0.00,,Fog,267
2013-1-10,20,12,5,7,5,3,100,64,33,1017,1015,1014,4,3,1,26,13,34,0.00,1,Fog,274
2013-1-11,21,13,5,10,7,5,100,68,35,1018,1015,1014,5,3,1,23,10,,0.00,,Fog,265
2013-1-12,24,16,7,13,9,7,100,70,34,1018,1015,1013,3,2,1,14,5,,0.00,2,Fog,118
2013-1-13,21,16,11,16,14,11,100,87,64,1015,1013,1012,1,1,0,19,10,,0.00,1,Fog,228
2013-1-14,19,14,9,18,12,9,100,98,83,1017,1015,1013,1,1,0,13,6,,0.00,3,Fog,263
2013-1-15,21,13,6,15,9,6,100,83,43,1017,1015,1014,3,1,0,14,3,,0.00,3,Fog,111
2013-1-16,23,17,11,17,13,10,100,84,46,1019,1016,1015,2,1,0,16,6,,0.00,3,Fog,112
2013-1-17,19,17,15,19,16,12,100,98,82,1018,1015,1014,3,1,1,19,10,,0.00,3,Fog-Rain,28
2013-1-18,16,13,11,16,13,11,100,100,100,1019,1014,1011,5,3,2,23,10,,0.00,5,Rain-Thunderstorm,269
2013-1-19,18,13,8,15,9,5,100,88,45,1022,1020,1019,5,2,0,23,5,,0.00,3,Fog,288
2013-1-20,17,11,6,11,8,6,100,86,48,1021,1019,1018,5,2,0,21,8,,0.00,,Fog,280
2013-1-21,19,12,5,10,7,3,100,82,37,1023,1020,1019,5,2,1,16,8,,0.00,2,Fog,260
2013-1-22,18,11,5,10,7,4,100,79,40,1023,1020,1019,5,2,1,13,5,,0.00,1,Fog,256
2013-1-23,19,12,5,11,7,2,100,78,32,1022,1020,1018,4,1,0,14,3,,0.00,,Fog,283
2013-1-24,19,12,6,11,8,5,100,81,40,1022,1020,1018,3,1,0,16,5,,0.00,,Fog,268
2013-1-25,20,13,6,10,7,3,100,78,33,1021,1019,1018,5,2,0,21,8,,0.00,,Fog,263
2013-1-26,20,12,5,11,7,4,100,74,35,1021,1019,1018,4,2,1,21,6,,0.00,,Fog,268
2013-1-27,21,13,7,11,8,4,100,76,35,1020,1018,1017,4,2,1,21,5,,0.00,3,Fog,272
2013-1-28,21,13,7,10,7,3,100,71,31,1019,1017,1016,5,2,1,13,2,,0.00,3,Fog,269
2013-1-29,22,14,8,11,8,5,100,74,35,1017,1016,1015,3,1,0,16,3,,0.00,1,Fog,301
2013-1-30,23,16,8,14,10,6,100,76,33,1019,1017,1016,2,1,0,11,3,,0.00,3,Fog,323
2013-1-31,21,16,10,14,11,9,100,85,46,1020,1018,1016,2,1,0,13,2,,0.00,3,Fog,286
2013-2-1,22,14,8,16,12,8,100,89,50,1021,1018,1016,2,1,0,11,3,,0.00,3,Fog,268
2013-2-2,23,18,14,18,14,8,100,84,38,1019,1017,1015,3,1,0,11,3,,0.00,5,Fog,325
2013-2-3,25,18,10,16,11,6,100,75,29,1017,1016,1013,3,1,0,11,2,,0.00,3,Fog,174
2013-2-4,19,17,16,17,15,12,94,85,68,1018,1014,1011,4,2,1,34,16,37,0.00,6,Thunderstorm,89
2013-2-5,18,16,14,18,16,14,100,99,94,1018,1015,1012,3,2,1,27,16,34,0.00,7,Rain-Thunderstorm,130
2013-2-6,21,17,14,17,13,5,100,83,37,1020,1018,1017,6,3,1,23,8,,0.00,4,Rain,330
2013-2-7,19,14,9,13,11,7,100,80,46,1021,1018,1016,5,4,1,23,13,,0.00,1,Fog,299
2013-2-8,20,13,7,13,11,7,100,86,52,1018,1017,1016,5,2,1,23,8,,0.00,,Fog,275
2013-2-9,21,14,8,12,10,7,100,76,40,1019,1016,1015,5,3,1,16,10,,0.00,,Fog,276
2013-2-10,22,16,9,14,10,4,100,76,31,1019,1017,1015,4,1,0,11,3,,0.00,2,Fog,275
2013-2-11,22,16,9,15,12,8,100,83,41,1019,1016,1014,4,1,0,13,3,,0.00,1,Fog,287
2013-2-12,22,16,9,15,11,7,100,78,38,1020,1016,1013,4,2,0,19,5,,0.00,2,Fog,286
2013-2-13,24,17,10,16,12,8,100,78,36,1018,1016,1014,5,2,1,14,8,,0.00,1,Fog,273
2013-2-14,25,18,11,15,11,5,100,73,28,1016,1014,1012,5,2,1,13,8,,0.00,4,Fog,276
2013-2-15,22,18,15,18,14,8,100,79,41,1014,1011,1009,4,2,1,34,8,34,0.00,6,Fog-Rain-Thunderstorm,41
2013-2-16,17,14,13,17,14,13,100,99,94,1011,1007,1004,4,3,2,26,16,37,0.00,7,Rain-Thunderstorm,144
2013-2-17,18,16,13,16,14,13,100,99,83,1015,1011,1008,4,3,1,11,5,,0.00,5,Fog-Rain,145
2013-2-18,19,14,10,18,13,10,100,95,82,1017,1015,1013,4,1,0,14,6,,0.00,2,Fog,266
2013-2-19,21,16,12,17,14,11,100,90,64,1017,1015,1014,4,2,0,16,8,,0.00,3,Fog,277
2013-2-20,22,16,10,19,14,10,100,89,64,1019,1016,1015,3,1,0,19,5,,0.00,1,Fog,285
2013-2-21,26,19,12,18,14,10,100,79,36,1017,1015,1014,4,2,0,14,5,,0.00,3,Fog,203
2013-2-22,25,20,16,19,16,11,100,77,41,1019,1016,1014,4,2,1,24,14,,0.00,3,Thunderstorm,100
2013-2-23,21,17,14,18,17,13,100,91,64,1020,1015,1012,6,3,1,37,14,55,0.00,6,Rain-Thunderstorm,98
2013-2-24,22,17,12,18,15,12,100,92,64,1020,1019,1017,6,3,1,19,8,,0.00,2,,305
2013-2-25,23,17,12,16,14,11,100,83,53,1020,1018,1017,5,3,1,16,6,,0.00,,Fog,313
2013-2-26,25,18,12,19,13,9,100,73,36,1019,1016,1013,5,3,2,16,5,,0.00,,,120
2013-2-27,26,21,17,16,13,7,88,63,30,1016,1014,1011,5,4,2,16,11,,0.00,,,231
2013-2-28,25,19,13,18,12,5,100,65,28,1019,1017,1015,5,4,1,24,10,34,0.00,,Fog,283
2013-3-1,23,17,10,13,10,5,100,69,31,1019,1017,1015,5,4,2,27,16,37,0.00,1,,286
2013-3-2,25,18,11,14,11,9,100,70,36,1018,1016,1015,6,4,3,27,18,,0.00,,,281
2013-3-3,27,19,12,18,13,11,100,71,39,1018,1016,1014,5,2,1,23,10,,0.00,,,273
2013-3-4,29,21,13,18,12,5,100,67,23,1018,1016,1014,5,3,1,13,3,,0.00,2,,294
2013-3-5,29,21,14,20,13,7,100,64,25,1019,1016,1015,5,3,1,16,3,,0.00,,,303
2013-3-6,29,21,14,20,14,7,100,76,25,1018,1016,1015,6,2,0,19,6,,0.00,,Fog,271
2013-3-7,30,22,15,17,14,8,100,69,27,1017,1016,1014,5,3,1,21,8,34,0.00,,,274
2013-3-8,31,23,15,18,13,5,100,63,20,1018,1015,1014,5,3,1,13,3,,0.00,,,285
2013-3-9,32,23,16,18,11,5,94,52,18,1014,1011,1008,5,3,1,14,3,,0.00,,,198
2013-3-10,31,26,20,15,11,8,68,43,29,1010,1008,1006,5,3,2,19,11,,0.00,2,,192
2013-3-11,31,23,17,23,16,10,94,65,27,1013,1011,1010,3,2,1,16,3,,0.00,1,,282
2013-3-12,31,23,17,22,17,10,100,70,27,1013,1011,1010,4,2,0,14,6,,0.00,3,Fog,286
2013-3-13,32,24,17,19,14,9,100,58,24,1014,1011,1009,3,2,1,14,3,,0.00,1,Fog,135
2013-3-14,28,23,19,18,14,10,83,58,36,1015,1013,1010,5,4,2,21,14,,0.00,3,,23
2013-3-15,28,21,14,15,12,5,94,55,23,1019,1016,1015,5,4,1,21,10,,0.00,1,,332
2013-3-16,28,21,14,16,13,10,100,58,32,1019,1016,1014,4,3,1,13,8,,0.00,2,Fog,323
2013-3-17,29,23,17,18,14,10,100,63,30,1019,1016,1013,5,3,1,23,6,34,0.00,,Fog,318
2013-3-18,29,22,15,19,15,12,100,68,35,1014,1011,1009,6,3,0,29,13,40,0.00,,Fog,273
2013-3-19,31,23,16,20,17,14,100,70,35,1011,1009,1008,5,2,1,26,13,37,0.00,,Fog,282
2013-3-20,34,26,18,24,15,6,100,62,17,1013,1010,1009,5,2,0,16,3,,0.00,5,Fog-Thunderstorm,330
2013-3-21,32,24,18,22,14,8,100,53,22,1013,1010,1008,5,3,1,24,10,37,0.00,3,Fog,288
2013-3-22,31,23,16,18,13,7,100,51,27,1009,1007,1006,5,3,0,23,13,,0.00,3,Fog,292
2013-3-23,33,27,21,16,13,7,68,44,20,1010,1008,1007,5,3,2,23,8,,0.00,3,,117
2013-3-24,34,28,22,17,13,9,65,43,21,1013,1010,1008,5,4,3,23,14,,0.00,3,,61
2013-3-25,28,22,17,18,13,7,100,58,26,1014,1012,1010,5,4,0,23,16,,0.00,2,Fog,302
2013-3-26,28,22,16,17,14,11,94,59,37,1011,1009,1007,5,4,1,23,16,,0.00,2,Fog,300
2013-3-27,29,22,16,16,13,8,94,58,27,1011,1009,1008,5,3,1,21,6,,0.00,5,Fog,278
2013-3-28,32,24,17,20,16,9,94,66,24,1012,1010,1007,4,3,1,23,5,40,0.00,3,Fog-Rain-Thunderstorm,39
2013-3-29,28,23,19,17,16,13,88,67,47,1011,1010,1009,4,3,1,23,8,37,0.00,3,Thunderstorm,56
2013-3-30,29,22,16,18,14,12,100,63,35,1011,1009,1008,5,3,0,23,6,,0.00,3,Fog,301
2013-3-31,31,24,18,21,15,11,100,60,31,1011,1009,1008,5,3,1,19,10,,0.00,1,Fog,282
2013-4-1,34,27,19,20,12,5,100,48,16,1011,1010,1008,5,3,1,16,5,,0.00,1,Fog,305
2013-4-2,35,28,19,18,13,7,88,50,19,1014,1010,1007,5,3,2,27,6,47,0.00,4,Rain-Thunderstorm,114
2013-4-3,31,24,18,19,14,10,88,53,27,1013,1010,1008,5,3,1,23,11,40,0.00,3,,346
2013-4-4,32,24,18,17,11,3,94,47,16,1011,1009,1007,5,3,1,26,8,34,0.00,1,Fog,291
2013-4-5,33,24,17,19,12,5,100,48,17,1009,1007,1006,5,3,1,19,13,37,0.00,,Fog,291
2013-4-6,34,26,17,16,8,2,94,39,13,1009,1007,1005,4,2,1,26,13,34,0.00,1,,284
2013-4-7,36,27,18,13,8,5,68,33,15,1009,1006,1005,6,3,1,24,11,34,0.00,,,289
2013-4-8,37,28,20,14,10,5,68,34,15,1010,1007,1006,4,2,1,19,8,,0.00,2,,283
2013-4-9,38,30,23,14,10,5,53,29,14,1010,1008,1006,4,2,1,14,5,,0.00,3,,277
2013-4-10,36,30,25,13,10,7,44,28,18,1010,1008,1006,4,3,3,19,11,37,0.00,3,Thunderstorm,325
2013-4-11,36,28,21,14,9,5,64,31,15,1010,1008,1006,4,3,2,19,10,,0.00,3,,302
2013-4-12,35,29,23,13,9,7,50,29,18,1011,1009,1007,4,3,1,23,10,,0.00,2,,317
2013-4-13,36,30,24,14,9,6,50,28,16,1011,1009,1007,3,2,1,16,6,34,0.00,3,Thunderstorm,296
2013-4-14,35,29,24,17,12,9,61,39,20,1011,1009,1006,4,3,2,23,10,48,0.00,3,Rain-Thunderstorm,208
2013-4-15,36,28,21,15,12,9,68,39,20,1007,1006,1004,4,2,1,19,6,,0.00,1,,292
2013-4-16,40,31,23,14,9,4,57,27,12,1005,1002,998,3,2,1,27,6,47,0.00,1,,250
2013-4-17,37,29,21,12,6,2,56,26,11,1005,1003,1001,5,3,2,23,13,,0.00,,,298
2013-4-18,37,29,22,8,3,-2,31,19,8,1006,1004,1002,5,3,2,14,5,,0.00,2,,54
2013-4-19,38,30,22,11,4,-3,43,21,8,1007,1004,1002,5,3,1,14,6,,0.00,1,,354
2013-4-20,37,30,24,11,6,2,39,23,12,1006,1004,1002,3,2,2,23,6,34,0.00,2,,97
2013-4-21,32,28,24,14,12,10,47,37,29,1010,1007,1005,5,3,3,27,21,37,0.00,4,,114
2013-4-22,31,26,21,17,14,11,73,48,29,1014,1011,1009,5,4,3,23,14,34,0.00,3,,99
2013-4-23,34,28,23,16,14,10,65,41,23,1013,1011,1009,4,3,2,14,8,,0.00,2,,86
2013-4-24,37,31,25,15,13,10,54,34,19,1013,1010,1008,5,3,2,11,5,,0.00,3,,231
2013-4-25,37,31,26,18,14,9,61,35,18,1012,1009,1007,4,3,2,21,5,39,0.00,5,,64
2013-4-26,34,30,27,16,15,12,51,38,28,1012,1009,1008,5,3,2,29,8,,0.00,3,,348
2013-4-27,38,32,27,16,11,6,45,29,15,1011,1009,1007,5,3,2,24,11,39,0.00,3,,328
2013-4-28,37,30,23,14,8,3,57,27,13,1009,1007,1005,4,3,2,24,14,,0.00,3,,299
2013-4-29,39,33,27,11,7,3,30,21,13,1009,1006,1005,4,3,1,14,10,,0.00,1,,337
2013-4-30,40,32,25,17,11,8,47,27,17,1009,1006,1005,5,3,1,16,10,,0.00,2,,305
2013-5-1,38,31,24,8,1,-4,27,16,7,1007,1005,1002,5,3,1,23,10,,0.00,1,,266
2013-5-2,36,29,22,4,2,-4,31,17,8,1004,1003,1001,5,3,1,27,10,42,0.00,2,,277
2013-5-3,38,30,22,5,2,-3,31,16,7,1003,1001,1000,5,3,1,23,10,45,0.00,2,,276
2013-5-4,41,32,24,8,3,-2,36,17,7,1003,1001,999,7,3,2,16,3,,0.00,1,,196
2013-5-5,41,33,27,13,7,3,31,19,10,1004,1002,1000,4,3,2,19,11,,0.00,4,,101
2013-5-6,40,34,28,17,11,5,43,28,12,1005,1003,1001,5,3,1,19,10,,0.00,2,,70
2013-5-7,41,33,26,18,9,2,51,25,9,1005,1004,1002,5,3,1,23,5,,0.00,,,307
2013-5-8,41,33,25,9,7,2,34,19,9,1006,1004,1002,5,3,1,222,11,,0.00,,,300
2013-5-9,41,33,26,11,8,4,39,21,10,1005,1003,1001,5,3,1,19,10,,0.00,,,293
2013-5-10,40,33,27,10,8,7,34,21,14,1004,1002,1001,4,3,2,14,6,,0.00,3,,252
2013-5-11,36,31,27,15,11,7,45,31,22,1003,1002,999,5,3,2,27,11,47,0.00,3,Rain-Thunderstorm,271
2013-5-12,35,30,26,20,14,11,62,38,25,1007,1004,1002,5,4,4,16,8,,0.00,4,,202
2013-5-13,37,30,24,21,16,11,83,46,21,1008,1005,1003,5,4,2,19,6,,0.00,1,,336
2013-5-14,42,34,27,15,12,9,48,28,14,1006,1003,1000,4,3,1,47,6,64,0.00,2,,294
2013-5-15,41,33,26,14,11,9,47,27,14,1004,1002,1000,4,2,1,19,5,,0.00,1,,295
2013-5-16,41,34,29,12,9,1,35,22,11,1011,1001,998,4,2,2,21,8,34,0.00,1,,312
2013-5-17,42,33,26,12,7,0,36,20,7,1004,1002,1000,5,3,1,23,5,,0.00,,,297
2013-5-18,44,36,28,12,7,1,32,17,7,1003,1001,1000,3,2,2,14,6,34,0.00,,,14
2013-5-19,45,38,30,8,4,2,25,14,7,1003,1001,1000,5,3,2,24,8,40,0.00,,,283
2013-5-20,44,37,31,7,4,2,17,13,8,1004,1001,1000,5,4,2,23,8,,0.00,,,268
2013-5-21,46,37,29,8,5,1,25,15,6,1004,1001,999,5,4,3,23,10,34,0.00,,,272
2013-5-22,45,38,30,7,4,0,19,14,6,1004,1001,999,5,4,2,21,13,34,0.00,,,269
2013-5-23,46,38,31,12,7,4,21,15,9,1002,1000,998,5,4,2,21,13,37,0.00,,,273
2013-5-24,45,38,32,15,9,5,25,18,9,1002,999,997,4,3,2,29,11,37,0.00,,,286
2013-5-25,43,38,34,14,12,9,24,20,14,1003,1000,998,4,3,2,21,11,,0.00,,,300
2013-5-26,43,37,31,17,11,5,30,21,10,1003,1001,998,5,4,2,23,10,,0.00,1,,250
2013-5-27,42,37,32,19,15,11,38,29,17,1003,1001,1000,3,3,2,23,10,37,0.00,2,,225
2013-5-28,42,36,31,19,12,4,43,26,10,1004,1002,1000,5,3,2,23,8,37,0.00,2,,311
2013-5-29,42,36,30,11,8,1,31,19,8,1004,1002,1000,4,3,2,23,10,,0.00,2,,287
2013-5-30,40,34,29,11,7,1,31,19,9,1003,1001,999,5,3,2,23,10,34,0.00,2,,330
2013-5-31,41,33,27,19,13,9,49,30,14,1002,1000,998,5,3,2,26,10,,0.00,,,86
2013-6-1,37,32,27,22,19,17,70,49,30,1006,1003,1001,4,4,4,26,18,37,0.00,1,,124
2013-6-2,37,32,27,23,21,19,74,51,35,1005,1003,1000,5,4,4,23,16,,0.00,2,,107
2013-6-3,39,34,29,23,21,19,70,49,31,1003,1002,1000,4,3,2,23,13,,0.00,3,,107
2013-6-4,42,36,29,25,21,18,79,45,26,1004,1002,999,5,3,2,14,11,,0.00,1,,101
2013-6-5,45,39,33,22,18,12,46,32,14,1003,1000,998,3,3,2,19,10,34,0.00,1,,141
2013-6-6,41,34,28,27,22,15,75,51,28,1000,999,995,4,3,1,27,13,48,0.00,6,Thunderstorm,99
2013-6-7,39,34,29,23,22,19,66,51,37,1002,1000,998,3,3,1,21,16,,0.00,6,,126
2013-6-8,40,35,30,27,23,20,74,54,33,1001,999,996,5,3,2,23,11,,0.00,2,,107
2013-6-9,41,36,32,27,23,18,71,50,27,999,997,994,5,3,3,23,13,27,0.00,2,,96
2013-6-10,42,37,33,26,21,19,66,42,28,1000,997,994,4,3,2,19,13,35,0.00,2,,270
2013-6-11,35,32,29,25,22,21,79,58,44,1003,1000,997,4,3,3,27,14,47,0.00,4,,111
2013-6-12,38,33,28,25,23,22,70,57,39,1002,1000,997,4,4,4,19,11,,0.00,3,,122
2013-6-13,33,30,27,26,24,22,84,67,52,1002,1000,999,4,3,3,26,14,45,0.00,4,,70
2013-6-14,37,32,27,25,23,21,84,65,42,1001,999,997,5,2,1,32,10,50,0.00,4,Rain-Thunderstorm,65
2013-6-15,37,30,23,25,23,21,100,68,42,1000,999,998,4,3,2,27,16,47,0.00,4,Rain,89
2013-6-16,31,27,24,26,25,23,100,92,66,1000,998,997,3,2,1,19,14,,0.00,6,Fog-Rain-Thunderstorm,75
2013-6-17,30,28,25,27,24,23,100,88,74,998,995,994,4,2,1,16,13,,0.00,6,Rain-Thunderstorm,52
2013-6-18,31,28,25,29,27,25,100,93,79,1000,998,997,2,1,1,14,8,,0.00,6,Fog,68
2013-6-19,35,30,25,29,24,20,100,71,44,1002,1000,999,3,2,1,19,8,,0.00,3,,56
2013-6-20,39,33,28,25,22,18,79,53,29,1002,1000,997,3,2,1,13,6,,0.00,1,,354
2013-6-21,41,36,31,25,21,15,70,45,22,999,998,995,3,2,1,26,8,34,0.00,2,,312
2013-6-22,40,36,31,25,21,16,63,44,24,1000,998,996,3,3,1,27,13,40,0.00,1,,304
2013-6-23,40,36,32,27,23,19,71,51,31,1000,998,995,4,3,2,23,11,,0.00,2,,99
2013-6-24,39,34,29,27,24,20,84,61,35,1000,998,996,4,3,2,23,13,34,0.00,2,,102
2013-6-25,33,30,28,26,25,24,89,75,59,1002,1000,999,4,3,2,24,16,,0.00,3,,115
2013-6-26,33,30,28,27,26,24,94,76,59,1002,1000,998,3,3,2,16,13,,0.00,4,,105
2013-6-27,37,33,29,26,25,22,84,70,50,1000,999,996,4,2,2,23,8,37,0.00,4,Rain,116
2013-6-28,36,31,26,27,25,23,89,73,53,1000,998,995,5,3,3,21,13,,0.00,6,,116
2013-6-29,39,34,29,27,24,21,89,62,35,999,997,995,3,3,2,26,13,39,0.00,5,,197
2013-6-30,37,32,28,24,22,19,74,55,35,1001,999,997,4,4,3,21,10,34,0.00,5,,325
2013-7-1,39,33,28,27,24,20,84,60,33,1000,998,995,4,3,2,23,11,,0.00,5,Rain-Thunderstorm,259
2013-7-2,36,32,29,27,25,24,84,64,53,999,997,996,3,3,2,23,11,,0.00,5,,139
2013-7-3,33,30,27,27,26,24,89,76,62,1001,999,997,4,3,2,23,11,,0.00,5,Rain,92
2013-7-4,36,32,29,28,26,23,89,69,49,1000,999,997,4,3,2,23,14,,0.00,4,,97
2013-7-5,36,32,29,27,26,23,89,72,49,1001,999,998,3,3,2,23,13,,0.00,4,,111
2013-7-6,34,31,28,27,26,24,94,76,59,1003,1002,1000,4,3,2,23,16,,0.00,4,,110
2013-7-7,34,31,28,27,26,25,89,80,63,1003,1002,999,3,2,1,23,13,,0.00,5,Rain-Thunderstorm,121
2013-7-8,35,31,27,27,26,25,100,84,56,1002,1000,997,4,3,1,16,10,,0.00,5,Rain,197
2013-7-9,34,29,25,29,26,25,100,86,59,1000,998,995,3,3,2,23,10,34,0.00,6,Rain-Thunderstorm,241
2013-7-10,34,29,25,27,26,24,100,86,63,999,997,995,4,3,2,27,8,,0.00,5,Rain-Thunderstorm,227
2013-7-11,36,31,27,28,26,25,100,79,53,1002,999,998,3,2,2,19,5,,0.00,4,Rain,96
2013-7-12,32,29,27,28,27,26,100,90,75,1004,1002,999,3,3,2,19,13,,0.00,6,Rain-Thunderstorm,80
2013-7-13,35,31,28,27,26,25,94,76,56,1003,1000,998,3,2,1,16,10,,0.00,4,,99
2013-7-14,36,32,28,27,26,25,94,77,53,1001,999,997,3,3,2,16,6,39,0.00,4,Rain,110
2013-7-15,35,31,28,27,26,25,89,76,59,1001,1000,998,3,3,2,21,6,,0.00,5,,117
2013-7-16,34,31,29,28,27,24,94,80,63,1002,1001,999,4,3,1,19,8,,0.00,5,,111
2013-7-17,34,31,28,28,27,27,94,85,67,1002,1000,998,3,2,2,13,8,,0.00,4,,114
2013-7-18,34,30,27,28,27,26,100,83,67,1000,998,995,3,2,1,11,6,,0.00,5,,118
2013-7-19,35,31,28,28,26,25,94,76,56,1000,996,994,4,3,3,21,10,,0.00,6,Rain,213
2013-7-20,29,27,24,27,26,24,100,93,84,1002,1000,998,3,2,1,19,6,,0.00,7,Rain-Thunderstorm,81
2013-7-21,39,32,26,27,26,25,94,86,50,1001,998,995,3,2,1,14,3,,0.00,6,Fog,134
2013-7-22,31,29,27,28,27,26,100,93,84,1000,998,996,3,2,1,16,8,,0.00,6,Rain,121
2013-7-23,34,30,26,27,26,25,94,80,63,1002,1000,998,4,2,1,14,11,,0.00,5,,99
2013-7-24,35,31,28,28,27,26,94,85,63,1000,999,997,4,3,2,19,8,37,0.00,4,,104
2013-7-25,33,29,26,27,26,25,100,89,66,999,997,995,3,2,2,21,10,34,0.00,5,,121
2013-7-26,34,29,25,27,26,25,100,82,59,998,997,995,4,2,1,19,10,,0.00,6,,105
2013-7-27,33,30,27,28,27,25,100,86,63,1000,999,997,4,2,1,19,10,37,0.00,6,Rain,105
2013-7-28,36,31,27,28,27,25,100,77,56,1001,1000,998,4,2,1,11,3,,0.00,4,Fog,204
2013-7-29,35,31,27,30,27,21,100,81,55,1001,1000,998,4,3,1,14,6,,0.00,5,Rain,222
2013-7-30,32,30,28,28,27,25,100,86,79,1001,999,997,3,2,1,19,6,37,0.00,7,Thunderstorm,261
2013-7-31,31,28,26,27,26,24,100,89,79,1000,998,997,3,2,1,24,8,,0.00,6,Rain-Thunderstorm,244
2013-8-1,33,29,26,28,27,25,100,85,63,1001,1000,997,3,2,1,14,5,,0.00,5,,36
2013-8-2,33,30,28,27,26,25,94,79,63,1003,1001,999,4,3,2,24,13,34,0.00,5,,92
2013-8-3,35,31,28,28,27,25,94,79,59,1004,1002,1001,4,3,2,24,14,34,0.00,4,Rain,106
2013-8-4,35,31,28,28,26,24,89,72,53,1004,1002,999,5,3,2,14,6,,0.00,3,,121
2013-8-5,34,30,27,28,27,26,100,89,67,1004,1002,1000,4,3,1,16,8,,0.00,5,Rain,246
2013-8-6,28,27,25,27,26,25,100,97,94,1005,1003,1002,2,1,1,13,6,,0.00,7,Fog-Rain-Thunderstorm,123
2013-8-7,29,27,26,27,27,26,100,94,84,1005,1003,1001,3,2,1,11,3,,0.00,7,Rain,207
2013-8-8,31,29,27,27,27,26,100,91,79,1004,1002,1000,4,2,1,14,5,,0.00,6,,302
2013-8-9,28,27,26,27,26,25,100,92,84,1003,1002,1001,3,2,1,14,6,,0.00,6,Rain,35
2013-8-10,32,29,26,30,27,25,100,89,66,1003,1002,999,3,2,1,19,6,,0.00,6,Fog-Rain,84
2013-8-11,31,29,27,29,27,26,100,90,79,1005,1003,1001,3,2,1,16,8,,0.00,6,Rain,94
2013-8-12,32,29,27,28,27,26,94,86,75,1005,1003,1000,3,2,1,14,8,,0.00,6,,107
2013-8-13,31,29,27,28,27,26,100,90,75,1003,1002,999,3,2,1,23,13,34,0.00,6,Rain,104
2013-8-14,33,29,26,27,26,25,100,88,66,1003,1002,1000,3,2,1,23,13,,0.00,6,Thunderstorm,113
2013-8-15,30,28,26,28,27,25,100,93,84,1005,1003,1002,4,2,1,19,11,,0.00,7,,121
2013-8-16,30,28,25,27,26,17,100,93,54,1004,1002,1000,2,2,1,14,8,,0.00,7,Rain-Thunderstorm,113
2013-8-17,31,28,25,28,26,25,100,94,79,1003,1001,998,3,2,1,19,8,,0.00,7,Rain,136
2013-8-18,31,28,26,28,27,25,100,93,79,1003,1001,999,3,2,1,14,5,,0.00,6,Rain-Thunderstorm,193
2013-8-19,32,29,26,28,27,26,100,94,70,1004,1002,999,3,2,1,13,5,,0.00,6,Rain-Thunderstorm,301
2013-8-20,32,29,26,28,26,25,100,93,70,1002,1001,999,3,2,1,11,3,,0.00,6,Rain-Thunderstorm,273
2013-8-21,33,29,26,28,26,25,100,87,66,1002,1000,998,4,2,1,16,6,,0.00,5,Fog-Rain-Thunderstorm,255
2013-8-22,31,28,26,26,26,24,100,89,70,1005,1003,1001,4,3,2,14,8,,0.00,5,Rain,251
2013-8-23,34,30,27,27,26,25,100,81,63,1004,1003,1001,3,2,1,11,3,,0.00,3,,67
2013-8-24,35,31,28,27,27,25,94,76,56,1004,1003,1001,3,2,2,16,3,,0.00,3,,95
2013-8-25,34,30,27,28,27,26,100,83,63,1004,1001,999,3,2,1,10,2,,0.00,4,Rain-Thunderstorm,211
2013-8-26,35,31,27,28,27,25,100,80,56,1002,1000,998,3,2,1,16,5,,0.00,3,,267
2013-8-27,34,31,28,28,26,25,84,74,63,1003,1001,999,3,3,2,23,13,34,0.00,4,,265
2013-8-28,32,29,27,25,24,22,84,73,58,1007,1005,1002,3,3,1,16,11,,0.00,5,,275
2013-8-29,34,29,25,26,24,23,94,73,52,1007,1006,1004,4,3,2,19,11,,0.00,3,,284
2013-8-30,31,29,27,27,25,23,100,82,66,1007,1005,1003,4,3,3,14,6,,0.00,5,,252
2013-8-31,33,29,26,27,24,24,100,80,59,1006,1005,1003,5,4,3,19,11,,0.00,6,Rain,248
2013-9-1,34,32,30,25,24,23,74,62,55,1006,1004,1004,5,4,4,19,16,,0.00,2,,295
2013-9-2,35,30,26,24,23,23,83,65,53,1007,1005,1003,5,4,4,23,14,35,0.00,3,,277
2013-9-3,35,30,26,24,23,22,83,65,49,1007,1004,1002,4,3,3,24,13,,0.00,2,,263
2013-9-4,34,29,25,24,23,21,83,65,49,1007,1004,1002,4,3,3,26,13,,0.00,2,,270
2013-9-5,34,29,25,24,21,20,78,61,46,1005,1003,1001,5,4,3,23,13,,0.00,2,,266
2013-9-6,34,30,26,22,21,20,74,61,49,1007,1005,1003,5,3,3,21,11,,0.00,1,,270
2013-9-7,35,30,26,23,21,20,70,58,41,1009,1007,1005,4,3,3,19,10,,0.00,1,,280
2013-9-8,34,30,27,24,22,20,84,66,46,1010,1008,1006,3,2,2,21,6,,0.00,3,,339
2013-9-9,34,30,27,24,23,21,84,69,46,1011,1009,1007,2,2,2,98,11,,0.00,4,Rain,301
2013-9-10,35,30,25,24,22,20,94,63,41,1009,1007,1004,5,3,1,19,5,,0.00,2,,326
2013-9-11,36,32,28,24,22,19,79,59,37,1009,1007,1005,4,3,3,16,6,,0.00,2,,94
2013-9-12,35,30,26,25,24,21,94,68,46,1010,1009,1007,4,3,2,19,8,,0.00,3,,93
2013-9-13,35,31,27,25,24,23,84,69,49,1011,1009,1007,4,2,1,10,5,,0.00,3,,55
2013-9-14,36,31,27,27,24,21,100,68,44,1009,1006,1003,3,2,1,16,3,,0.00,2,Fog,328
2013-9-15,36,31,27,26,23,19,89,64,39,1006,1003,1000,3,2,1,21,3,40,0.00,1,,358
2013-9-16,34,29,25,24,22,18,89,65,51,1006,1004,1001,3,2,2,19,10,,0.00,2,,31
2013-9-17,35,30,25,23,21,15,83,61,32,1007,1004,1002,4,3,2,14,5,,0.00,,,315
2013-9-18,35,29,24,23,21,18,94,64,36,1007,1004,1002,4,3,2,19,6,,0.00,1,,304
2013-9-19,35,30,25,24,22,20,94,66,41,1006,1004,1001,3,2,2,13,5,,0.00,1,,337
2013-9-20,33,30,26,25,23,22,89,72,62,1005,1004,1003,4,2,1,27,8,34,0.00,5,,76
2013-9-21,33,28,24,25,23,23,100,84,55,1006,1005,1004,4,2,1,24,13,32,0.00,6,Rain-Thunderstorm,60
2013-9-22,33,28,24,25,24,23,94,77,55,1005,1003,1001,4,3,1,21,10,,0.00,4,,82
2013-9-23,34,30,27,26,24,23,89,74,52,1005,1003,1001,4,3,2,13,6,,0.00,3,,98
2013-9-24,35,31,27,26,24,23,89,73,52,1006,1004,1002,3,2,2,19,10,,0.00,4,,105
2013-9-25,34,30,27,25,24,22,89,75,52,1008,1006,1004,4,3,2,19,6,,0.00,5,Thunderstorm,94
2013-9-26,33,29,25,25,24,23,100,81,59,1010,1008,1007,5,3,1,21,8,,0.00,5,,144
2013-9-27,34,30,26,25,24,24,89,80,56,1009,1007,1005,4,3,2,16,5,,0.00,4,Rain,282
2013-9-28,35,30,25,25,24,23,94,74,49,1009,1006,1004,4,3,2,14,5,,0.00,4,,293
2013-9-29,30,28,26,26,24,22,89,80,70,1007,1005,1003,3,2,1,16,5,,0.00,6,,280
2013-9-30,30,27,24,25,24,23,94,84,66,1008,1006,1004,4,3,2,16,11,27,0.00,6,Rain-Thunderstorm,99
2013-10-1,32,28,25,25,23,21,94,74,58,1010,1008,1007,4,4,3,16,11,,0.00,4,,94
2013-10-2,33,29,25,23,22,20,89,68,52,1013,1010,1009,4,4,3,23,11,,0.00,3,,95
2013-10-3,33,28,24,21,21,20,83,66,46,1012,1010,1007,5,4,3,24,11,,0.00,3,,92
2013-10-4,26,24,23,23,22,20,94,86,78,1010,1008,1006,4,3,2,23,11,34,0.00,6,Rain,73
2013-10-5,32,27,23,23,22,20,94,73,49,1008,1006,1003,3,2,2,14,6,,0.00,4,,28
2013-10-6,33,28,24,24,23,22,94,74,52,1009,1007,1006,2,2,1,13,5,,0.00,3,,134
2013-10-7,33,29,26,24,23,22,89,73,52,1012,1010,1008,3,2,1,11,6,,0.00,4,,117
2013-10-8,34,29,25,24,23,22,89,70,49,1013,1011,1003,4,2,1,13,6,,0.00,3,,121
2013-10-9,34,30,26,24,23,21,89,68,46,1014,1011,1010,4,3,2,16,10,,0.00,3,,129
2013-10-10,34,29,25,23,22,19,89,65,43,1014,1012,1010,3,2,2,11,5,,0.00,2,,127
2013-10-11,29,24,21,23,21,20,100,84,66,1017,1012,1009,5,3,1,21,6,37,0.00,5,Rain-Thunderstorm,89
2013-10-12,30,27,23,24,22,21,94,82,62,1012,1010,1008,4,3,2,10,3,,0.00,6,Rain,80
2013-10-13,31,27,24,24,23,20,100,79,52,1011,1009,1007,3,2,1,11,3,,0.00,4,,50
2013-10-14,32,28,24,24,23,22,94,76,55,1010,1008,1006,4,2,1,19,5,,0.00,3,,285
2013-10-15,33,28,23,23,21,17,94,73,43,1011,1009,1008,4,3,2,14,3,,0.00,2,,285
2013-10-16,33,27,21,22,19,15,100,69,34,1012,1010,1008,5,3,1,11,3,,0.00,1,,331
2013-10-17,33,27,22,22,21,18,94,69,41,1012,1010,1009,4,2,1,13,5,,0.00,,,102
2013-10-18,32,27,23,22,21,20,89,70,49,1014,1012,1011,3,2,1,13,5,,0.00,1,,3
2013-10-19,32,26,21,21,18,13,88,65,31,1015,1012,1011,5,3,1,16,6,,0.00,1,,289
2013-10-20,31,24,19,19,16,13,94,62,33,1014,1012,1010,4,2,1,11,2,,0.00,,,325
2013-10-21,31,24,19,19,16,11,94,64,29,1012,1010,1009,4,2,1,14,3,,0.00,,,346
2013-10-22,33,26,18,18,16,13,94,61,29,1013,1012,1010,4,2,1,10,3,,0.00,,,85
2013-10-23,31,26,20,20,18,15,88,65,38,1017,1014,1012,3,2,1,11,5,,0.00,,,100
2013-10-24,30,24,19,20,18,17,94,67,48,1016,1014,1012,3,2,1,10,3,,0.00,3,Fog,49
2013-10-25,30,24,19,19,18,15,94,70,40,1015,1012,1010,2,1,1,11,3,,0.00,,Fog,291
2013-10-26,30,24,19,19,18,17,94,71,45,1014,1012,1010,3,1,1,10,2,,0.00,1,Fog,304
2013-10-27,30,24,18,20,16,10,94,70,29,1014,1011,1009,3,1,0,14,2,,0.00,,Fog,299
2013-10-28,30,24,18,16,14,13,83,61,35,1012,1010,1009,3,2,1,19,5,,0.00,,,276
2013-10-29,31,23,17,15,14,11,88,63,29,1014,1012,1010,2,1,1,11,3,,0.00,,Fog,273
2013-10-30,32,23,16,16,13,11,88,58,27,1016,1013,1011,4,2,1,16,3,,0.00,,Fog,310
2013-10-31,30,25,20,18,14,12,88,55,37,1016,1014,1012,4,2,1,14,5,,0.00,5,,10
2013-11-1,29,24,19,19,15,12,73,57,40,1016,1014,1012,4,3,1,21,6,,0.00,3,,99
2013-11-2,27,22,17,17,14,11,88,63,39,1016,1014,1013,2,1,1,16,5,,0.00,1,Fog,289
2013-11-3,28,21,14,12,9,4,82,54,23,1018,1016,1014,4,2,1,21,6,,0.00,,Fog,275
2013-11-4,28,20,13,12,9,6,82,57,26,1020,1018,1016,4,1,0,14,3,,0.00,2,Fog,289
2013-11-5,25,19,13,12,11,8,88,66,34,1019,1017,1016,1,1,0,8,2,,0.00,1,Fog,106
2013-11-6,27,20,14,14,12,10,82,60,36,1018,1016,1014,3,1,1,13,6,,0.00,1,Fog,114
2013-11-7,26,22,18,16,14,12,83,66,42,1018,1016,1014,2,1,1,16,10,,0.00,4,Fog-Rain,57
2013-11-8,25,20,16,16,14,12,88,72,47,1018,1016,1014,2,1,1,11,5,,0.00,3,Fog,79
2013-11-9,25,19,14,15,13,12,94,68,44,1019,1016,1015,3,2,1,11,5,,0.00,,,338
2013-11-10,25,19,13,14,11,8,100,66,34,1019,1017,1015,3,2,0,19,6,,0.00,,Fog,271
2013-11-11,25,18,12,11,9,6,88,60,31,1016,1014,1011,4,2,1,23,8,,0.00,,,264
2013-11-12,25,18,12,9,8,6,82,58,29,1015,1013,1012,4,2,1,14,3,,0.00,,,279
2013-11-13,25,18,11,11,8,4,88,59,26,1017,1014,1013,3,1,1,16,3,,0.00,,Fog,282
2013-11-14,25,18,11,10,7,4,88,56,26,1018,1015,1013,4,2,1,14,5,,0.00,,,274
2013-11-15,25,17,9,9,7,4,87,57,26,1018,1016,1015,4,2,1,11,3,,0.00,,,300
2013-11-16,26,19,12,9,8,4,82,57,24,1020,1017,1016,3,1,1,8,2,,0.00,,,297
2013-11-17,25,17,9,8,7,2,87,56,22,1020,1018,1016,3,1,1,16,3,,0.00,,Fog,278
2013-11-18,27,18,10,8,6,3,76,51,21,1020,1017,1015,4,2,1,19,6,,0.00,,,277
2013-11-19,26,18,10,9,7,4,82,54,24,1018,1015,1014,4,2,2,19,8,,0.00,,,271
2013-11-20,27,19,11,10,7,6,77,54,26,1016,1013,1011,4,2,1,11,2,,0.00,,,289
2013-11-21,27,18,10,11,9,6,88,57,26,1014,1012,1010,4,2,1,14,3,,0.00,,,106
2013-11-22,26,19,13,13,11,9,88,66,34,1018,1015,1014,2,1,1,10,2,,0.00,,Fog,45
2013-11-23,27,19,11,13,12,10,94,69,34,1017,1015,1012,2,1,0,13,2,,0.00,,Fog,270
2013-11-24,27,19,12,11,9,6,88,59,26,1018,1015,1013,3,1,1,14,3,,0.00,,Fog,274
2013-11-25,28,20,13,11,9,6,82,59,25,1016,1013,1011,4,2,1,23,10,,0.00,,,267
2013-11-26,28,21,14,11,9,8,77,57,28,1014,1012,1010,4,2,2,23,11,,0.00,1,,268
2013-11-27,27,20,13,12,10,8,82,57,30,1016,1014,1013,4,2,1,13,6,,0.00,1,,265
2013-11-28,27,19,12,12,10,6,88,60,26,1019,1017,1016,3,1,1,13,2,,0.00,,Fog,297
2013-11-29,27,19,11,11,9,5,94,62,24,1020,1017,1015,4,2,1,23,5,,0.00,,Fog,280
2013-11-30,26,18,11,11,8,5,82,60,26,1018,1016,1014,4,2,1,19,5,,0.00,,,269
2013-12-1,27,18,10,10,7,4,82,52,23,1018,1016,1014,4,3,1,11,2,,0.00,,,298
2013-12-2,27,20,14,9,7,3,72,50,23,1019,1016,1014,5,2,1,14,6,,0.00,,,130
2013-12-3,26,18,11,8,7,4,72,49,26,1018,1016,1015,3,2,1,14,6,,0.00,,,115
2013-12-4,25,18,12,11,8,5,88,60,29,1019,1017,1015,4,2,1,19,3,,0.00,,Fog,281
2013-12-5,25,18,10,10,8,7,87,63,32,1018,1015,1013,4,2,2,19,8,,0.00,,,269
2013-12-6,24,17,10,10,8,7,82,63,36,1016,1014,1012,3,2,1,14,5,,0.00,,Fog,263
2013-12-7,25,17,9,11,9,7,94,66,34,1016,1014,1013,3,1,1,11,2,,0.00,,Fog,289
2013-12-8,26,19,12,13,10,8,94,70,32,1016,1014,1012,2,1,0,10,2,,0.00,,Fog,256
2013-12-9,24,17,10,13,11,9,100,75,41,1015,1013,1011,2,1,0,13,2,,0.00,,Fog,301
2013-12-10,24,17,10,12,10,8,94,74,36,1016,1014,1012,2,1,0,122,5,,0.00,,Fog,298
2013-12-11,24,17,9,11,9,7,100,68,34,1016,1014,1012,3,2,0,19,6,,0.00,,Fog,264
2013-12-12,23,17,10,10,8,7,94,63,38,1015,1013,1012,4,2,1,26,11,,0.00,,,270
2013-12-13,24,17,10,10,8,7,87,65,34,1014,1012,1011,3,2,1,23,11,34,0.00,,,264
2013-12-14,23,17,10,12,9,8,94,69,41,1014,1012,1011,3,2,1,11,3,,0.00,,Fog,256
2013-12-15,24,17,11,12,11,9,94,69,38,1016,1014,1013,3,1,1,13,10,,0.00,,Fog,118
2013-12-16,24,17,11,17,12,8,100,82,38,1018,1015,1014,2,1,0,8,2,,0.00,,Fog,13
2013-12-17,23,17,10,16,12,9,100,87,41,1016,1014,1012,2,1,0,10,3,,0.00,,Fog,298
2013-12-18,22,16,10,17,13,10,100,91,60,1014,1012,1010,1,0,0,13,3,,0.00,,Fog,74
2013-12-19,22,16,11,15,14,11,100,87,60,1014,1012,1011,1,1,0,14,8,,0.00,1,Fog,83
2013-12-20,18,16,13,15,14,13,100,94,82,1018,1015,1014,1,1,0,13,6,,0.00,3,Fog,323
2013-12-21,16,14,13,15,14,13,100,97,88,1018,1016,1015,1,1,0,11,8,,0.00,,Fog,67
2013-12-22,17,14,13,15,14,12,100,92,82,1020,1018,1016,1,1,0,100,5,,0.00,,Fog,338
2013-12-23,17,13,10,14,13,10,100,94,77,1022,1020,1019,2,1,0,16,11,,0.00,1,Fog,271
2013-12-24,19,13,8,12,9,8,100,87,52,1023,1021,1019,3,1,0,19,10,,0.00,,Fog,273
2013-12-25,20,13,6,9,5,1,100,71,30,1022,1020,1018,3,1,0,23,8,,0.00,1,Fog,274
2013-12-26,19,12,5,8,3,0,87,61,28,1021,1019,1017,4,2,0,19,6,,0.00,1,Fog,293
2013-12-27,16,12,9,9,6,2,94,65,48,1021,1018,1016,3,1,1,16,3,,0.00,5,Fog-Rain,275
2013-12-28,18,12,7,8,3,0,93,57,30,1020,1018,1017,3,2,1,14,3,,0.00,,Fog,293
2013-12-29,18,11,4,6,3,0,93,61,32,1020,1018,1016,3,1,0,16,8,,0.00,,Fog,290
2013-12-30,19,11,4,12,6,-3,100,77,23,1020,1017,1015,3,1,0,16,3,,0.00,5,Fog-Rain-Thunderstorm,121
2013-12-31,16,13,11,12,11,10,100,85,68,1021,1019,1016,4,2,1,19,11,,0.00,8,Fog,133